{
  "project_info": {
    "project_number": "77918583496",
    "firebase_url": "https://emailauthenticator-b562e.firebaseio.com",
    "project_id": "emailauthenticator-b562e",
    "storage_bucket": "emailauthenticator-b562e.appspot.com"
  },
  "client": [
    {
      "client_info": {
        "mobilesdk_app_id": "1:77918583496:android:c23cdc8c2414a733",
        "android_client_info": {
          "package_name": "com.example.admin.emailauthenticator"
        }
      },
      "oauth_client": [
        {
          "client_id": "77918583496-j4jiotc46dt9n3fngh7mpv4vc3sk6v3u.apps.googleusercontent.com",
          "client_type": 1,
          "android_info": {
            "package_name": "com.example.admin.emailauthenticator",
            "certificate_hash": "8b7c0efcbcc33cd763b9e940e648d7d88aae1ca6"
          }
        },
        {
          "client_id": "77918583496-qaep130pcv5chhad1f5fsu7um9tk52le.apps.googleusercontent.com",
          "client_type": 3
        }
      ],
      "api_key": [
        {
          "current_key": "AIzaSyC9JzH32k0QlW01Ok0SOatbLF6fjHPBjFY"
        }
      ],
      "services": {
        "analytics_service": {
          "status": 1
        },
        "appinvite_service": {
          "status": 2,
          "other_platform_oauth_client": [
            {
              "client_id": "77918583496-qaep130pcv5chhad1f5fsu7um9tk52le.apps.googleusercontent.com",
              "client_type": 3
            }
          ]
        },
        "ads_service": {
          "status": 2
        }
      }
    },
    {
      "client_info": {
        "mobilesdk_app_id": "1:77918583496:android:0721d4eae9c71291",
        "android_client_info": {
          "package_name": "com.example.admin.myemail"
        }
      },
      "oauth_client": [
        {
          "client_id": "77918583496-q5n7vhjfsj9pb50vgnrhhmoh6j8n68j2.apps.googleusercontent.com",
          "client_type": 1,
          "android_info": {
            "package_name": "com.example.admin.myemail",
            "certificate_hash": "8b7c0efcbcc33cd763b9e940e648d7d88aae1ca6"
          }
        },
        {
          "client_id": "77918583496-qaep130pcv5chhad1f5fsu7um9tk52le.apps.googleusercontent.com",
          "client_type": 3
        }
      ],
      "api_key": [
        {
          "current_key": "AIzaSyC9JzH32k0QlW01Ok0SOatbLF6fjHPBjFY"
        }
      ],
      "services": {
        "analytics_service": {
          "status": 1
        },
        "appinvite_service": {
          "status": 2,
          "other_platform_oauth_client": [
            {
              "client_id": "77918583496-qaep130pcv5chhad1f5fsu7um9tk52le.apps.googleusercontent.com",
              "client_type": 3
            }
          ]
        },
        "ads_service": {
          "status": 2
        }
      }
    },
    {
      "client_info": {
        "mobilesdk_app_id": "1:77918583496:android:82aa7bced33d9c2f",
        "android_client_info": {
          "package_name": "com.example.admin.myemailapp"
        }
      },
      "oauth_client": [
        {
          "client_id": "77918583496-j45b6erp0gr7ho54umiu6eu1lte9jbt5.apps.googleusercontent.com",
          "client_type": 1,
          "android_info": {
            "package_name": "com.example.admin.myemailapp",
            "certificate_hash": "8b7c0efcbcc33cd763b9e940e648d7d88aae1ca6"
          }
        },
        {
          "client_id": "77918583496-qaep130pcv5chhad1f5fsu7um9tk52le.apps.googleusercontent.com",
          "client_type": 3
        }
      ],
      "api_key": [
        {
          "current_key": "AIzaSyC9JzH32k0QlW01Ok0SOatbLF6fjHPBjFY"
        }
      ],
      "services": {
        "analytics_service": {
          "status": 1
        },
        "appinvite_service": {
          "status": 2,
          "other_platform_oauth_client": [
            {
              "client_id": "77918583496-qaep130pcv5chhad1f5fsu7um9tk52le.apps.googleusercontent.com",
              "client_type": 3
            }
          ]
        },
        "ads_service": {
          "status": 2
        }
      }
    }
  ],
  "configuration_version": "1"
}